id,title,tab,upload_date,age_days,date_exact,duration,views,likes,comments,views_per_day,chapters,tags,heatmap,fetched,short,title_question,title_ellipsis,title_words,title_caps_words,title_digits,outlier,like_pct
tg2cNKIuCuo,"Rainy 1950s Jazz & Cozy Window | Cat, Candles & Relaxing Ambience",videos,20260516,146,True,15916,435780,7166,46,2984.8,0,7,True,True,False,False,False,12,0,True,50.59,1.64
lhWXKejJ_6g,Witch Cat’s Kitchen 🎃 Cozy Halloween Lo-Fi Beats & Autumn Jazz,videos,20260828,42,True,10823,69988,1051,10,1666.4,0,11,True,True,False,False,False,11,0,False,8.13,1.5
tZ5MKCqK_-0,"Cozy Rainy Day in a Vintage Library 🌧️ Slow Jazz & Fireplace | Study, Relax, Sleep",videos,20260728,73,True,14519,57497,701,8,787.6,0,1,True,True,False,False,False,16,0,False,6.68,1.22
VPoFsqdVXuI,A Cat Waiting on the Porch 🕯️ Nostalgic Autumn Atmosphere & Lo-Fi Beats,videos,20260808,62,True,14403,28426,503,2,458.5,0,8,False,True,False,False,False,13,0,False,3.3,1.77
y7X0OVplxL8,"Sad 1950s Noir Jazz for Lonely Evenings 🎷 Coastal Town Sunset, Black Cat & Cozy Lo-Fi",videos,20260803,67,True,14400,9036,184,,134.9,0,1,False,True,False,False,False,16,0,True,1.05,2.04
WZh0B6Vd4lo,Vintage Ambient Cozy Backyard – Autumn Loop with Pumpkins & Candlelight,videos,20260524,138,True,10853,8191,148,,59.4,0,13,False,True,False,False,False,11,0,False,0.95,1.81
hTDLlO2kVpM,A Cat’s Balcony at Dusk ☕ Cozy Evening Chill & Relaxing Lofi Jazz,videos,20260819,51,True,10850,8116,152,3,159.1,0,10,False,True,False,False,False,13,0,False,0.94,1.87
HTo6U7SPqzw,Relax and trust the lighthouse,videos,20260605,126,True,10853,4786,105,,38.0,0,7,False,True,False,False,False,5,0,False,0.56,2.19
wfTw2oITOMg,You're on a magical porch while it rains & 1930s music plays from inside | Cozy Storybook Ambience 🍂,videos,20260619,112,True,10275,2957,103,1,26.4,0,0,False,True,False,False,False,19,0,True,0.34,3.48
U84VBIOjgZY,Watching the Moon Alone 🌙 Whimsical Slow Ambient & Cozy Dusk Vibe,videos,20260920,19,True,10821,1587,34,2,83.5,0,9,False,True,False,False,False,12,0,False,0.18,2.14
